1,1.50584,0.973431,1.50584,0.973431,170,19,208,20,4,5,1.8394000000000004,0.8893
1,1.21141,1.65282,1.21141,0.898549,192,20,199,15,2,6,0.9853000000000001,1.7401
1,0.892691,1.80674,0.892691,1.80674,170,21,321,38,2,3,0.6233,2.1401
1,0.768719,0.704867,0.768719,0.704867,202,22,230,15,12,6,1.3599,1.2669
1,1.20929,0.949188,0.455012,0.949188,258,14,135,23,5,11,1.6527999999999998,1.0405
1,1.36875,0.316317,1.36875,0.316317,222,26,370,29,8,6,2.3075,0.4505
1,2.16377,1.03562,1.4095,1.03562,264,26,157,29,5,12,2.2208,0.5752999999999999
1,2.41852,1.17237,1.66425,1.17237,304,37,290,22,9,6,2.2872,0.5286
1,1.12735,1.7705,1.12735,1.7705,316,16,71,25,4,14,0.8971,1.8579999999999997
1,1.16054,1.24534,1.16054,1.24534,238,20,223,23,3,4,1.2971,1.3907
1,1.51248,0.784283,1.51248,0.784283,169,22,296,16,10,2,1.9193000000000002,0.8027
1,2.57037,1.78371,2.57037,1.02944,202,20,167,23,12,7,1.9299000000000002,0.8541
1,2.44508,1.42343,2.44508,1.42343,288,27,193,23,5,3,2.1499,0.6388
1,1.17162,0.767953,1.17162,0.767953,224,32,273,21,6,5,1.6832,0.9959
1,2.51832,1.23967,2.51832,1.23967,219,33,223,11,9,1,2.2504999999999997,0.5597
1,0.451965,3.49532,0.451965,2.74105,310,17,223,14,7,11,0.0579,2.9094
1,1.69636,0.651191,1.69636,0.651191,264,31,180,19,10,4,2.1874000000000002,0.5815
1,0.93685,0.947916,0.93685,0.947916,329,18,161,19,4,12,1.3056,1.3569
1,1.73925,0.842638,1.73925,0.842638,209,23,156,20,4,9,2.1155,0.6533
1,2.78278,0.636108,2.78278,0.636108,138,17,320,22,8,4,2.7011,0.2042
1,1.95859,2.05033,1.95859,1.29605,301,23,168,11,7,12,1.2948,1.4436
1,1.1473,1.26099,1.1473,1.26099,154,14,152,22,3,9,1.2585,1.4606999999999999
1,1.22167,0.662294,0.467397,0.662294,228,37,169,20,4,6,1.9226,0.7658
1,1.45067,0.79744,1.45067,0.79744,214,25,301,24,3,1,1.9031,0.8233999999999999
1,1.6608,2.14413,1.6608,2.14413,216,18,146,18,4,17,1.0762,1.6978
1,1.05107,3.06176,1.05107,3.06176,211,22,192,28,1,5,0.2294,2.6627
1,0.580905,0.844036,0.580905,0.844036,314,15,134,35,0,12,1.0867,1.5502
1,1.68841,0.180588,1.68841,0.180588,212,24,222,24,7,1,2.5897,0.2455
1,0.594033,1.0036,0.594033,1.0036,205,25,205,23,9,5,0.8861000000000001,1.7849
1,1.03403,1.2226,1.03403,1.2226,181,13,165,33,7,6,1.1721,1.527
1,0.745677,0.314473,0.745677,0.314473,227,18,301,17,5,6,1.7931,0.7977000000000001
1,0.53833,0.372463,0.53833,0.372463,223,32,263,30,4,4,1.4351,1.0835
1,1.96059,1.03687,1.96059,1.03687,185,19,280,21,3,3,2.0514,0.7257
1,2.06893,0.973788,2.06893,0.973788,231,24,182,24,8,1,2.2239000000000004,0.5600999999999999
1,0.87339,1.80941,0.87339,1.80941,200,38,203,26,5,10,0.6609,2.1114
1,1.0268,0.608228,1.0268,0.608228,159,23,216,26,4,9,1.7218999999999998,0.9446
1,4.59167,0.902241,4.59167,0.902241,201,32,178,20,11,4,2.9359,0.0403
1,0.663134,0.709087,0.663134,0.709087,129,21,303,17,9,2,1.1964,1.41
1,1.01237,0.800104,1.01237,0.800104,243,23,210,34,0,2,1.5634000000000001,1.0969000000000002
1,1.21501,0.410793,1.21501,0.410793,169,17,177,13,12,6,2.0856000000000003,0.6243000000000001
1,0.956093,1.15442,0.956093,0.40015,228,19,142,19,9,6,1.1037000000000001,1.5543
1,0.887251,1.95456,0.887251,1.95456,203,13,223,11,6,7,0.5799,2.2113
1,0.402856,1.19372,0.402856,1.19372,294,25,182,22,5,4,0.6368,2.0645000000000002
1,2.90532,0.414236,2.90532,0.414236,133,27,221,13,12,0,2.8321,0.106
1,0.981768,0.970755,0.981768,0.970755,155,26,231,20,8,5,1.3492000000000002,1.3246
1,0.900395,0.809611,0.900395,0.809611,193,21,119,19,3,5,1.4087999999999998,1.2438
1,0.484973,2.34859,0.484973,1.59432,198,13,166,24,6,10,0.21650000000000003,2.6768
1,2.18446,1.30039,2.18446,1.30039,156,22,156,35,6,9,2.0262000000000002,0.741
1,0.8282,1.43116,0.8282,1.43116,270,17,277,18,14,4,0.8714999999999999,1.8561
1,1.0643,1.54003,1.0643,1.54003,242,19,109,19,3,14,0.9971000000000001,1.7333
1,1.15089,0.661157,1.15089,0.661157,122,21,212,20,10,2,1.7691000000000001,0.9206999999999999
1,2.40643,0.660186,2.40643,0.660186,203,27,180,15,14,5,2.5576999999999996,0.2951
1,1.08984,1.80278,1.08984,1.80278,209,26,134,20,4,7,0.8233,1.9108
1,1.47599,0.47922,1.47599,0.47922,205,20,202,13,10,2,2.1368,0.5957
1,0.488713,1.19685,0.488713,1.19685,190,15,195,15,3,9,0.6763,2.0299
1,2.44765,1.20384,1.69338,1.20384,253,13,278,20,7,6,2.3369,0.46190000000000003
1,0.625301,1.3511,0.625301,1.3511,217,23,267,22,5,6,0.6909000000000001,2.0376
1,1.21165,1.82723,1.21165,1.07296,156,23,224,18,10,3,0.8013000000000001,1.9212000000000002
1,1.17139,3.20643,1.17139,3.20643,186,23,268,24,9,6,0.3124,2.5711
1,2.17999,1.88066,2.17999,1.88066,128,24,169,32,10,7,1.6123999999999998,1.151
1,0.861492,0.148436,0.861492,0.148436,124,25,274,24,12,1,2.0168,0.5759
1,0.798248,1.32806,0.798248,1.32806,270,14,152,22,3,12,0.9335,1.7741
1,0.617681,2.09138,0.617681,2.09138,141,14,183,35,4,14,0.4336,2.3959
1,0.639681,0.901396,0.639681,0.901396,172,25,224,22,6,6,1.0615,1.5844000000000003
1,3.47259,0.760863,1.96404,0.760863,196,32,312,8,12,4,2.8455,0.10110000000000001
1,0.839131,0.652485,0.839131,0.652485,154,23,286,21,15,0,1.5076,1.1338000000000001
1,0.696383,1.50506,0.696383,1.50506,211,21,232,20,6,5,0.7119,2.0337
1,3.47435,1.07242,2.72007,1.07242,324,19,124,14,6,5,2.7014,0.20900000000000002
1,0.51095,1.8874,0.51095,1.13312,270,22,152,25,7,18,0.35250000000000004,2.4774000000000003
1,1.94209,2.40543,1.03717,0.896879,206,23,242,21,10,2,0.9546000000000001,1.7877
1,2.34021,0.658613,2.34021,0.658613,105,24,344,11,11,6,2.526,0.3261
1,1.63672,0.896002,1.63672,0.141727,241,13,204,11,14,5,1.9963,0.6604
1,0.920475,2.44372,0.920475,2.44372,344,17,126,13,7,10,0.3812,2.471
1,1.50822,2.58573,1.50822,2.58573,268,36,174,17,3,6,0.6197,2.1776
1,2.29276,1.73111,1.53849,1.73111,306,14,142,13,5,13,1.8050000000000002,0.9491
1,3.67424,0.2166,3.67424,0.2166,239,18,286,9,15,4,2.9778,0.012300000000000002
1,1.96201,2.89128,1.96201,2.137,194,15,174,13,8,6,0.7936,2.0065
1,0.727353,1.18294,0.727353,1.18294,159,30,263,19,6,4,0.897,1.7955
1,1.18479,1.21788,1.18479,0.463607,177,8,167,25,6,1,1.2872,1.3892000000000002
1,1.62769,0.903499,0.873419,0.903499,263,29,112,20,8,8,2.0167,0.7227999999999999
1,1.76105,0.23468,1.00678,0.23468,171,26,217,21,3,0,2.6664,0.20040000000000002
1,0.988366,0.818962,0.988366,0.818962,231,16,191,11,4,8,1.495,1.1767
1,0.760537,0.25472,0.760537,0.25472,313,24,189,30,7,8,1.8427,0.7438
1,0.870956,2.38252,0.870956,1.62825,315,18,200,23,3,20,0.41600000000000004,2.4152
1,0.335117,0.0953737,0.335117,0.0953737,125,17,337,12,6,0,1.4632,0.8629
1,1.73011,0.695329,1.73011,0.695329,127,20,235,18,9,1,2.1656999999999997,0.6048
1,1.96206,1.80387,1.20778,1.80387,166,14,221,17,7,6,1.5105,1.2485999999999997
1,1.80726,0.74923,1.80726,0.74923,241,30,187,17,8,3,2.1462,0.627
1,0.646211,1.40815,0.646211,1.40815,170,19,183,21,6,5,0.7295,1.9769
1,1.81528,0.723304,1.81528,0.723304,182,18,182,14,4,1,2.2237,0.5569000000000001
1,2.68899,1.17289,2.68899,1.17289,251,30,220,24,14,10,2.3721,0.46199999999999997
1,0.861406,2.46547,0.861406,1.67602,186,22,263,22,6,4,0.33130000000000004,2.5264
1,0.64958,2.37289,0.64958,2.37289,328,18,213,25,10,18,0.2782,2.596
1,2.15352,0.29411,1.39924,0.29411,225,27,186,16,4,5,2.7237,0.1704
1,1.81539,1.89745,1.06112,1.89745,126,10,301,17,14,2,1.3168,1.4215
1,1.63984,1.0025,1.63984,1.0025,237,25,229,28,6,3,1.8542999999999998,0.8855999999999999
1,0.471301,1.18386,0.471301,1.18386,200,35,253,26,1,5,0.6528,2.0559
1,1.44215,1.59902,0.68788,1.59902,201,17,218,32,7,6,1.2,1.4912999999999998
1,1.23863,0.659502,1.23863,0.659502,304,19,255,29,7,7,1.833,0.8699999999999999
1,3.68195,1.02271,2.1734,0.268432,128,21,230,15,7,7,2.8668,0.0843
1,1.28956,0.694933,1.28956,0.694933,150,16,216,12,12,1,1.8083,0.8896999999999999
1,1.68093,1.20743,1.68093,1.20743,238,17,219,11,6,10,1.7470999999999999,0.9923
1,3.40361,0.451437,1.14079,0.451437,123,17,230,12,10,1,2.9239,0.0454
1,1.58437,0.920669,1.58437,0.920669,303,29,105,23,6,7,1.9307,0.8069
1,1.54872,0.62988,1.54872,0.62988,171,24,235,47,6,1,2.1038,0.6527000000000001
1,1.21467,0.289181,1.21467,0.289181,225,17,188,19,5,7,2.2227,0.5013000000000001
1,1.28853,1.2775,1.28853,1.2775,281,31,178,18,4,5,1.3537000000000001,1.3486
1,1.53901,1.08688,1.53901,1.08688,127,20,203,16,15,4,1.6924000000000001,1.0285
1,0.145866,1.91545,0.145866,1.91545,258,25,197,7,2,10,0.1907,2.6702
1,1.22876,0.860837,0.474484,0.860837,182,20,226,21,8,2,1.7298,0.9303
1,0.82244,1.62803,0.82244,1.62803,178,27,259,18,6,6,0.73,2.0248
1,1.33765,1.32224,1.33765,1.32224,124,17,358,18,10,5,1.3413000000000002,1.3404
1,1.22456,0.866107,0.470283,0.866107,250,16,141,14,8,3,1.7137,0.9571000000000001
1,1.01856,1.459,0.264281,0.704726,255,26,246,28,3,4,0.8465,1.8058999999999998
1,1.20402,1.60876,1.20402,1.60876,160,16,337,15,15,5,1.0151,1.6985000000000001
1,1.78483,0.734565,1.78483,0.734565,79,12,295,15,22,4,2.137,0.6325000000000001
1,2.60856,0.624235,2.60856,0.624235,121,12,270,28,15,0,2.6746,0.2101
1,1.59627,1.34513,1.59627,1.34513,127,22,327,18,11,4,1.5632000000000001,1.1735
1,1.20464,0.611383,1.20464,0.611383,244,19,217,21,4,9,1.8927,0.7995
1,2.2369,0.434157,2.2369,0.434157,116,19,255,10,13,2,2.6504000000000003,0.2237
1,0.829775,1.41719,0.829775,1.41719,250,29,223,28,5,4,0.8583000000000001,1.8498
1,0.388284,1.57898,0.388284,1.57898,222,26,330,25,5,6,0.3962,2.3971999999999998
1,0.979083,0.707999,0.979083,0.707999,183,21,191,18,8,2,1.5802,1.0693
1,3.0737,0.486694,2.31942,0.486694,275,21,259,20,6,1,2.8586,0.08990000000000001
1,0.729144,0.302892,0.729144,0.302892,170,30,246,21,6,4,1.7370999999999999,0.8262999999999999
1,0.827823,2.602,0.827823,2.602,203,11,238,21,4,12,0.2324,2.6474
1,1.05111,1.45401,0.296836,1.45401,259,14,188,24,4,16,1.0699,1.6192
1,1.02031,1.66904,1.02031,1.66904,233,31,270,25,10,9,0.7712,1.9234999999999998
1,0.618225,0.834066,0.618225,0.834066,316,17,199,26,8,9,1.1066,1.5266
1,1.87186,1.19646,1.87186,0.44218,201,15,201,21,9,5,1.9065999999999999,0.7783
1,1.08527,1.76461,1.08527,1.76461,315,17,259,29,5,13,0.8463,1.8848999999999998
1,2.02484,1.87154,0.516294,1.11727,185,26,236,29,8,10,1.4969000000000001,1.2095
1,1.14482,1.0075,1.14482,1.0075,187,14,262,17,22,7,1.4359000000000002,1.2601
1,0.667782,2.47478,0.667782,2.47478,316,17,210,28,1,15,0.2324,2.6462
1,1.36765,1.32573,1.36765,0.571453,244,22,222,20,7,9,1.3652,1.3319
1,1.25424,0.660476,1.25424,0.660476,234,15,316,8,17,2,1.8242,0.8696
1,0.746984,0.76611,0.746984,0.76611,178,16,304,22,0,4,1.3258,1.3099
1,0.792811,0.284262,0.792811,0.284262,102,22,175,17,10,1,1.8358,0.763
1,1.314,0.884716,1.314,0.884716,214,22,213,20,2,9,1.7098,0.9907
1,1.83064,2.1566,1.07636,1.40233,157,21,256,21,6,11,1.1386,1.5934000000000001
1,1.46174,0.878405,1.46174,0.878405,215,22,185,27,2,3,1.8139999999999998,0.9155
1,1.31046,0.715876,1.31046,0.715876,112,22,300,16,11,2,1.8771,0.7917000000000001
1,0.735856,0.976737,0.735856,0.976737,195,25,271,25,15,5,1.0815000000000001,1.5753
1,1.33624,1.11084,1.33624,1.11084,204,20,168,17,4,6,1.5092,1.1627
1,1.27732,0.258974,1.27732,0.258974,224,13,456,19,12,1,2.2666,0.4687
1,0.989263,0.981781,0.989263,0.981781,191,20,218,18,11,13,1.347,1.3194
1,1.54676,0.62212,0.663841,0.62212,198,25,281,26,9,7,2.2492,0.5002
1,0.411263,0.767775,0.411263,0.767775,99,22,360,25,10,4,0.9073,1.6882000000000001
1,0.624894,1.97773,0.624894,1.97773,154,30,178,18,4,4,0.29969999999999997,2.5455
1,1.15856,1.04282,1.15856,1.04282,265,11,291,15,6,10,1.4472,1.2531
1,1.90259,3.58481,1.90259,2.83054,125,17,253,23,13,5,0.40219999999999995,2.4551000000000003
                                                                                                                                                                                                                                                                                                                                                                                                                                                                                                                                                                                                                                                                                                                                                                                                                                                                                                                                                                                                                                                                                                                                                                                                                                                                                                                                                                                                                                                                                                                                                                                                                                                                                                                                                                                                                                                                                                                                                                                                                                                                                                                                                                                                                                                                                                                                                                                                                                                                                                                                                                                                                                                                                                                                                                                                                                                                                                                                                                                                                                                                                                                                                                                                                                                                                                                                                                                                                                                                                                                                                                                                                                                                                                                                                                                                                                                                                                                                                                                                                                                                                                                                                                                                                                                                                                                                                                                                                                                                                                                                                                                                                                                                                                                                                                                                                                                                                                                                                                                                                                                                                                                                  1,0.502951,2.15485,0.502951,1.40057,295,11,141,26,7,6,0.2711,2.5862000000000003
1,2.0486,1.16132,2.0486,1.16132,217,18,201,16,8,4,2.0277,0.7371
1,1.33059,0.108324,1.33059,0.108324,180,21,224,15,13,4,2.4099000000000004,0.3354
1,0.217792,1.6843,0.217792,0.930028,314,22,241,28,2,8,0.2107,2.6437
1,2.76163,1.01756,2.00736,0.263287,283,23,255,20,12,5,2.5728999999999997,0.28869999999999996
1,0.753447,4.17557,0.753447,4.17557,315,18,217,26,5,25,0.0759,2.8839
1,1.55583,1.53901,1.55583,1.53901,321,23,233,25,7,4,1.3526,1.3793
1,1.12398,0.967868,1.12398,0.967868,168,12,312,32,6,3,1.4704,1.2226000000000001
1,1.19504,0.748435,1.19504,0.748435,148,20,191,23,11,9,1.8377999999999999,0.8559
1,0.299906,1.25986,0.299906,1.25986,214,24,251,15,4,6,0.47459999999999997,2.2611
1,1.32767,0.505942,0.573395,0.505942,259,31,239,19,9,7,2.1643,0.565
1,1.31665,1.30241,1.31665,0.54815,184,36,179,21,4,5,1.3354,1.3426
1,0.820168,1.43832,0.820168,0.684045,148,16,170,24,2,7,0.7697,1.9286
1,1.06877,2.75632,0.314492,2.00204,146,11,260,23,4,7,0.3097,2.5492
1,0.719909,2.1135,0.719909,2.1135,220,16,183,36,10,13,0.4935,2.3235
1,1.8243,0.0719818,1.07003,0.0719818,280,24,189,19,6,1,2.8243,0.0964
1,0.745119,0.343259,0.745119,0.343259,272,30,326,9,7,1,1.769,0.8144
1,4.33419,0.736405,4.33419,0.736405,233,27,218,15,18,3,2.935,0.0412
1,0.44639,0.592324,0.44639,0.592324,227,21,254,27,4,6,1.0873,1.4623
1,2.97459,0.750824,2.22032,0.750824,186,12,233,17,19,8,2.7262,0.1816
1,2.18574,0.995894,2.18574,0.241619,189,25,216,19,7,3,2.3895999999999997,0.38739999999999997
1,1.80584,0.351711,1.80584,0.351711,190,27,289,25,15,5,2.4705999999999997,0.3466
1,0.713663,0.78925,0.713663,0.78925,278,19,211,19,9,2,1.2327000000000001,1.4007
1,1.47519,0.178104,0.720921,0.178104,225,24,201,23,5,5,2.5844,0.2447
1,1.93278,0.836699,1.93278,0.836699,237,15,152,12,3,10,1.971,0.7605
